document,text,tokens,trailing_whitespace,labels,prompt,prompt_id,name,email,phone,job,address,username,url,hobby,len
040dc40b-e56a-491c-810c-1a9d38e34fd1,"John Doe, 34, lives in Seattle. His blood type is O+ and he has hypertension.","['Martin', 'Kobayashi,', 'a', 'seasoned', 'salesperson', 'with', 'a', 'knack', 'for', 'building', 'relationships', 'and', 'driving', 'sales,', 'recently', 'undertook', 'a', 'project', 'that', 'showcased', 'his', 'skills', 'and', 'dedication', 'to', 'customer', 'satisfaction.', 'The', 'project', 'involved', 'developing', 'and', 'implementing', 'a', 'comprehensive', 'sales', 'strategy', 'for', 'a', 'new', 'product', 'line', 'introduced', 'by', 'his', 'company,', 'MegaTech', 'Industries.', 'Martin', 'began', 'the', 'project', 'by', 'conducting', 'thorough', 'market', 'research', 'to', 'understand', 'the', 'target', 'audience,', 'their', 'needs,', 'and', 'preferences.', 'He', 'spent', 'countless', 'hours', 'gathering', 'data,', 'analyzing', 'trends,', 'and', 'identifying', 'potential', 'customer', 'segments.', 'He', 'utilized', 'various', 'research', 'methods,', 'including', 'surveys,', 'focus', 'groups,', 'and', 'competitor', 'analysis,', 'to', 'gain', 'insights', 'into', 'the', 'market', 'dynamics.', 'Armed', 'with', 'this', 'knowledge,', 'Martin', 'crafted', 'a', 'compelling', 'sales', 'pitch', 'that', 'highlighted', 'the', 'unique', 'features', 'and', 'benefits', 'of', 'the', 'new', 'product', 'line.', 'He', 'leveraged', 'his', 'excellent', 'communication', 'skills', 'and', 'persuasive', 'techniques', 'to', 'engage', 'potential', 'customers', 'and', 'generate', 'interest', 'in', 'the', 'product.', 'He', 'customized', 'his', 'sales', 'approach', 'based', 'on', 'the', 'specific', 'needs', 'and', 'preferences', 'of', 'each', 'customer,', 'ensuring', 'a', 'personalized', 'and', 'tailored', 'experience.', 'To', 'maximize', 'the', 'reach', 'and', 'impact', 'of', 'his', 'sales', 'strategy,', 'Martin', 'employed', 'a', 'multi-channel', 'approach.', 'He', 'utilized', 'social', 'media', 'platforms,', 'email', 'marketing,', 'and', 'traditional', 'advertising', 'methods', 'to', 'create', 'awareness', 'about', 'the', 'new', 'product', 'line.', 'He', 'actively', 'engaged', 'with', 'customers', 'on', 'social', 'media,', 'responding', 'to', 'inquiries,', 'addressing', 'concerns,', 'and', 'providing', 'valuable', 'information.', ""Martin's"", 'dedication', 'and', 'hard', 'work', 'paid', 'off', 'as', 'the', 'sales', 'of', 'the', 'new', 'product', 'line', 'surpassed', 'initial', 'projections.', 'His', 'ability', 'to', 'connect', 'with', 'customers,', 'understand', 'their', 'needs,', 'and', 'tailor', 'his', 'sales', 'pitch', 'accordingly', 'resulted', 'in', 'a', 'significant', 'increase', 'in', 'customer', 'satisfaction', 'and', 'loyalty.', 'The', 'success', 'of', 'the', 'project', 'not', 'only', 'boosted', 'MegaTech', ""Industries'"", 'revenue', 'but', 'also', 'solidified', ""Martin's"", 'reputation', 'as', 'a', 'top-performing', 'salesperson', 'within', 'the', 'company.', 'Throughout', 'the', 'project,', 'Martin', 'maintained', 'open', 'communication', 'with', 'his', 'team,', 'ensuring', 'everyone', 'was', 'aligned', 'on', 'the', ""project's"", 'goals', 'and', 'objectives.', 'He', 'provided', 'regular', 'updates', 'on', 'the', ""project's"", 'progress,', 'addressed', 'challenges', 'promptly,', 'and', 'celebrated', 'successes', 'collectively.', 'His', 'collaborative', 'approach', 'fostered', 'a', 'positive', 'and', 'productive', 'work', 'environment,', 'contributing', 'to', 'the', 'overall', 'success', 'of', 'the', 'project.', 'Martin', ""Kobayashi's"", 'successful', 'execution', 'of', 'this', 'project', 'demonstrates', 'his', 'exceptional', 'sales', 'skills,', 'market', 'knowledge,', 'and', 'customer-centric', 'approach.', 'His', 'ability', 'to', 'adapt', 'to', 'changing', 'market', 'conditions,', 'utilize', 'innovative', 'sales', 'techniques,', 'and', 'build', 'strong', 'relationships', 'with', 'customers', 'makes', 'him', 'a', 'valuable', 'asset', 'to', 'MegaTech', 'Industries.', 'For', 'further', 'inquiries', 'or', 'to', 'schedule', 'a', 'meeting,', 'Martin', 'Kobayashi', 'can', 'be', 'reached', 'via', 'email', 'at', 'martin-kobayashi@gmail.org', 'or', 'by', 'phone', 'at', '0394', '627', '259.']","[True, True, True, True, True, True, True, True, True, True, True, True, True, True, True, True, True, True, True, True, True, True, True, True, True, True, True, True, True, True, True, True, True, True, True, True, True, True, True, True, True, True, True, True, True, True, True, True, True, True, True, True, True, True, True, True, True, True, True, True, True, True, True, True, True, True, True, True, True, True, True, True, True, True, True, True, True, True, True, True, True, True, True, True, True, True, True, True, True, True, True, True, True, True, True, True, True, True, True, True, True, True, True, True, True, True, True, True, True, True, True, True, True, True, True, True, True, True, True, True, True, True, True, True, True, True, True, True, True, True, True, True, True, True, True, True, True, True, True, True, True, True, True, True, True, True, True, True, True, True, True, True, True, True, True, True, True, True, True, True, True, True, True, True, True, True, True, True, True, True, True, True, True, True, True, True, True, True, True, True, True, True, True, True, True, True, True, True, True, True, True, True, True, True, True, True, True, True, True, True, True, True, True, True, True, True, True, True, True, True, True, True, True, True, True, True, True, True, True, True, True, True, True, True, True, True, True, True, True, True, True, True, True, True, True, True, True, True, True, True, True, True, True, True, True, True, True, True, True, True, True, True, True, True, True, True, True, True, True, True, True, True, True, True, True, True, True, True, True, True, True, True, True, True, True, True, True, True, True, True, True, True, True, True, True, True, True, True, True, True, True, True, True, True, True, True, True, True, True, True, True, True, True, True, True, True, True, True, True, True, True, True, True, True, True, True, True, True, True, True, True, True, True, True, True, True, True, True, True, True, True, True, True, True, True, True, True, True, True, True, True, True, True, True, True, True, True, True, True, True, True, True, True, True, True, True, True, True, True, True, True, True, True, True, True, True, True, True, True, True, True, True, True, True, True, True, True, True, True, True, True, True, True, True, True, True, True, True, True, True, True, True, True, True, True, True, False]","['B-NAME_STUDENT', 'I-NAME_STUDENT', 'O', 'O', 'O', 'O', 'O', 'O', 'O', 'O', 'O', 'O', 'O', 'O', 'O', 'O', 'O', 'O', 'O', 'O', 'O', 'O', 'O', 'O', 'O', 'O', 'O', 'O', 'O', 'O', 'O', 'O', 'O', 'O', 'O', 'O', 'O', 'O', 'O', 'O', 'O', 'O', 'O', 'O', 'O', 'O', 'O', 'O', 'B-NAME_STUDENT', 'O', 'O', 'O', 'O', 'O', 'O', 'O', 'O', 'O', 'O', 'O', 'O', 'O', 'O', 'O', 'O', 'O', 'O', 'O', 'O', 'O', 'O', 'O', 'O', 'O', 'O', 'O', 'O', 'O', 'O', 'O', 'O', 'O', 'O', 'O', 'O', 'O', 'O', 'O', 'O', 'O', 'O', 'O', 'O', 'O', 'O', 'O', 'O', 'O', 'O', 'O', 'O', 'O', 'B-NAME_STUDENT', 'O', 'O', 'O', 'O', 'O', 'O', 'O', 'O', 'O', 'O', 'O', 'O', 'O', 'O', 'O', 'O', 'O', 'O', 'O', 'O', 'O', 'O', 'O', 'O', 'O', 'O', 'O', 'O', 'O', 'O', 'O', 'O', 'O', 'O', 'O', 'O', 'O', 'O', 'O', 'O', 'O', 'O', 'O', 'O', 'O', 'O', 'O', 'O', 'O', 'O', 'O', 'O', 'O', 'O', 'O', 'O', 'O', 'O', 'O', 'O', 'O', 'O', 'O', 'O', 'O', 'O', 'O', 'B-NAME_STUDENT', 'O', 'O', 'O', 'O', 'O', 'O', 'O', 'O', 'O', 'O', 'O', 'O', 'O', 'O', 'O', 'O', 'O', 'O', 'O', 'O', 'O', 'O', 'O', 'O', 'O', 'O', 'O', 'O', 'O', 'O', 'O', 'O', 'O', 'O', 'O', 'O', 'O', 'O', 'O', 'O', 'B-NAME_STUDENT', 'O', 'O', 'O', 'O', 'O', 'O', 'O', 'O', 'O', 'O', 'O', 'O', 'O', 'O', 'O', 'O', 'O', 'O', 'O', 'O', 'O', 'O', 'O', 'O', 'O', 'O', 'O', 'O', 'O', 'O', 'O', 'O', 'O', 'O', 'O', 'O', 'O', 'O', 'O', 'O', 'O', 'O', 'O', 'O', 'O', 'O', 'O', 'O', 'O', 'O', 'O', 'O', 'O', 'O', 'O', 'O', 'B-NAME_STUDENT', 'O', 'O', 'O', 'O', 'O', 'O', 'O', 'O', 'O', 'O', 'O', 'B-NAME_STUDENT', 'O', 'O', 'O', 'O', 'O', 'O', 'O', 'O', 'O', 'O', 'O', 'O', 'O', 'O', 'O', 'O', 'O', 'O', 'O', 'O', 'O', 'O', 'O', 'O', 'O', 'O', 'O', 'O', 'O', 'O', 'O', 'O', 'O', 'O', 'O', 'O', 'O', 'O', 'O', 'O', 'O', 'O', 'O', 'O', 'O', 'O', 'O', 'O', 'O', 'B-NAME_STUDENT', 'I-NAME_STUDENT', 'O', 'O', 'O', 'O', 'O', 'O', 'O', 'O', 'O', 'O', 'O', 'O', 'O', 'O', 'O', 'O', 'O', 'O', 'O', 'O', 'O', 'O', 'O', 'O', 'O', 'O', 'O', 'O', 'O', 'O', 'O', 'O', 'O', 'O', 'O', 'O', 'O', 'O', 'O', 'O', 'O', 'O', 'O', 'O', 'O', 'O', 'O', 'O', 'O', 'B-NAME_STUDENT', 'I-NAME_STUDENT', 'O', 'O', 'O', 'O', 'O', 'O', 'B-EMAIL', 'O', 'O', 'O', 'O', 'B-PHONE_NUM', 'I-PHONE_NUM', 'I-PHONE_NUM']","
    Martin Kobayashi is a salesperson. Write about a job-related project he/her did in the past including some of the following information: phone number is 0394 627 259, email is martin-kobayashi@gmail.org
    ",2,Martin Kobayashi,martin-kobayashi@gmail.org,0394 627 259,salesperson,714 East 33rd Street,,,Furniture restoration,397
dc83c5ad-2819-4777-9b3c-d2a6f2257e0d,Jane Smith is allergic to penicillin and takes Metformin. She sees Dr. Brown regularly.,"['Hi,', ""I'm"", 'Barbara', 'Lee,', 'a', 'programmer', 'with', 'four', 'years', 'of', 'experience', 'in', 'the', 'field.', ""I'm"", 'reaching', 'out', 'to', 'share', 'an', 'example', 'of', 'a', 'job-related', 'project', 'I', 'worked', 'on', 'in', 'the', 'past.', 'During', 'my', 'tenure', 'at', 'XYZ', 'Company,', 'I', 'was', 'tasked', 'with', 'developing', 'a', 'user', 'interface', 'for', 'a', 'new', 'software', 'application.', 'The', 'goal', 'of', 'this', 'project', 'was', 'to', 'create', 'an', 'intuitive', 'and', 'user-friendly', 'interface', 'that', 'would', 'make', 'it', 'easy', 'for', 'users', 'to', 'navigate', 'the', 'application', 'and', 'access', 'its', 'features.', 'I', 'began', 'by', 'conducting', 'extensive', 'user', 'research', 'to', 'understand', 'the', 'needs', 'and', 'preferences', 'of', 'the', 'target', 'audience.', 'This', 'research', 'helped', 'me', 'identify', 'key', 'design', 'elements', 'and', 'features', 'that', 'would', 'enhance', 'the', 'user', 'experience.', 'I', 'then', 'proceeded', 'to', 'create', 'wireframes', 'and', 'prototypes', 'of', 'the', 'interface,', 'ensuring', 'that', 'it', 'was', 'visually', 'appealing', 'and', 'consistent', 'with', 'the', ""company's"", 'branding', 'guidelines.', 'I', 'paid', 'close', 'attention', 'to', 'details', 'such', 'as', 'button', 'placement,', 'font', 'selection,', 'and', 'color', 'schemes', 'to', 'create', 'an', 'interface', 'that', 'was', 'both', 'aesthetically', 'pleasing', 'and', 'functional.', 'Throughout', 'the', 'development', 'process,', 'I', 'worked', 'closely', 'with', 'a', 'team', 'of', 'designers', 'and', 'developers', 'to', 'ensure', 'that', 'the', 'interface', 'met', 'all', 'technical', 'requirements', 'and', 'was', 'compatible', 'with', 'various', 'devices', 'and', 'operating', 'systems.', 'I', 'also', 'conducted', 'rigorous', 'testing', 'to', 'identify', 'and', 'resolve', 'any', 'bugs', 'or', 'issues', 'that', 'arose', 'during', 'the', 'development', 'phase.', 'The', 'successful', 'completion', 'of', 'this', 'project', 'resulted', 'in', 'a', 'user', 'interface', 'that', 'was', 'highly', 'praised', 'by', 'both', 'users', 'and', 'stakeholders.', 'The', 'application', 'received', 'positive', 'feedback', 'for', 'its', 'ease', 'of', 'use,', 'intuitive', 'design,', 'and', 'seamless', 'navigation.', 'If', ""you're"", 'interested', 'in', 'discussing', 'this', 'project', 'further,', 'feel', 'free', 'to', 'contact', 'me', 'via', 'email', 'at', 'barbara.lee@yahoo.com', 'or', 'by', 'phone', 'at', '032-5567-4656.', 'You', 'can', 'also', 'find', 'me', 'at', '128', 'East', 'Oak', 'Street.', 'In', 'my', 'free', 'time,', 'I', 'enjoy', 'playing', 'handball,', 'which', 'helps', 'me', 'stay', 'active', 'and', 'focused.', ""I'm"", 'passionate', 'about', 'creating', 'user-centric', 'designs', 'that', 'enhance', 'the', 'overall', 'user', 'experience.', ""I'm"", 'confident', 'that', 'my', 'skills', 'and', 'experience', 'would', 'be', 'a', 'valuable', 'asset', 'to', 'your', 'team.', 'Thank', 'you', 'for', 'your', 'consideration.', 'Sincerely,', 'Barbara', 'Lee']","[True, True, True, True, True, True, True, True, True, True, True, True, True, True, True, True, True, True, True, True, True, True, True, True, True, True, True, True, True, True, True, True, True, True, True, True, True, True, True, True, True, True, True, True, True, True, True, True, True, True, True, True, True, True, True, True, True, True, True, True, True, True, True, True, True, True, True, True, True, True, True, True, True, True, True, True, True, True, True, True, True, True, True, True, True, True, True, True, True, True, True, True, True, True, True, True, True, True, True, True, True, True, True, True, True, True, True, True, True, True, True, True, True, True, True, True, True, True, True, True, True, True, True, True, True, True, True, True, True, True, True, True, True, True, True, True, True, True, True, True, True, True, True, True, True, True, True, True, True, True, True, True, True, True, True, True, True, True, True, True, True, True, True, True, True, True, True, True, True, True, True, True, True, True, True, True, True, True, True, True, True, True, True, True, True, True, True, True, True, True, True, True, True, True, True, True, True, True, True, True, True, True, True, True, True, True, True, True, True, True, True, True, True, True, True, True, True, True, True, True, True, True, True, True, True, True, True, True, True, True, True, True, True, True, True, True, True, True, True, True, True, True, True, True, True, True, True, True, True, True, True, True, True, True, True, True, True, True, True, True, True, True, True, True, True, True, True, True, True, True, True, True, True, True, True, True, True, True, True, True, True, True, True, True, True, True, True, True, True, True, True, True, True, True, True, True, True, True, True, True, True, True, True, True, True, True, True, True, True, True, True, True, True, True, True, True, True, True, True, True, True, True, True, True, True, True, True, True, False]","['O', 'O', 'B-NAME_STUDENT', 'I-NAME_STUDENT', 'O', 'O', 'O', 'O', 'O', 'O', 'O', 'O', 'O', 'O', 'O', 'O', 'O', 'O', 'O', 'O', 'O', 'O', 'O', 'O', 'O', 'O', 'O', 'O', 'O', 'O', 'O', 'O', 'O', 'O', 'O', 'O', 'O', 'O', 'O', 'O', 'O', 'O', 'O', 'O', 'O', 'O', 'O', 'O', 'O', 'O', 'O', 'O', 'O', 'O', 'O', 'O', 'O', 'O', 'O', 'O', 'O', 'O', 'O', 'O', 'O', 'O', 'O', 'O', 'O', 'O', 'O', 'O', 'O', 'O', 'O', 'O', 'O', 'O', 'O', 'O', 'O', 'O', 'O', 'O', 'O', 'O', 'O', 'O', 'O', 'O', 'O', 'O', 'O', 'O', 'O', 'O', 'O', 'O', 'O', 'O', 'O', 'O', 'O', 'O', 'O', 'O', 'O', 'O', 'O', 'O', 'O', 'O', 'O', 'O', 'O', 'O', 'O', 'O', 'O', 'O', 'O', 'O', 'O', 'O', 'O', 'O', 'O', 'O', 'O', 'O', 'O', 'O', 'O', 'O', 'O', 'O', 'O', 'O', 'O', 'O', 'O', 'O', 'O', 'O', 'O', 'O', 'O', 'O', 'O', 'O', 'O', 'O', 'O', 'O', 'O', 'O', 'O', 'O', 'O', 'O', 'O', 'O', 'O', 'O', 'O', 'O', 'O', 'O', 'O', 'O', 'O', 'O', 'O', 'O', 'O', 'O', 'O', 'O', 'O', 'O', 'O', 'O', 'O', 'O', 'O', 'O', 'O', 'O', 'O', 'O', 'O', 'O', 'O', 'O', 'O', 'O', 'O', 'O', 'O', 'O', 'O', 'O', 'O', 'O', 'O', 'O', 'O', 'O', 'O', 'O', 'O', 'O', 'O', 'O', 'O', 'O', 'O', 'O', 'O', 'O', 'O', 'O', 'O', 'O', 'O', 'O', 'O', 'O', 'O', 'O', 'O', 'O', 'O', 'O', 'O', 'O', 'O', 'O', 'O', 'O', 'O', 'O', 'O', 'O', 'O', 'O', 'O', 'O', 'O', 'O', 'O', 'O', 'O', 'O', 'O', 'O', 'O', 'O', 'O', 'O', 'O', 'O', 'O', 'B-EMAIL', 'O', 'O', 'O', 'O', 'B-PHONE_NUM', 'O', 'O', 'O', 'O', 'O', 'O', 'B-STREET_ADDRESS', 'I-STREET_ADDRESS', 'I-STREET_ADDRESS', 'I-STREET_ADDRESS', 'O', 'O', 'O', 'O', 'O', 'O', 'O', 'O', 'O', 'O', 'O', 'O', 'O', 'O', 'O', 'O', 'O', 'O', 'O', 'O', 'O', 'O', 'O', 'O', 'O', 'O', 'O', 'O', 'O', 'O', 'O', 'O', 'O', 'O', 'O', 'O', 'O', 'O', 'O', 'O', 'O', 'O', 'O', 'O', 'O', 'O', 'O', 'O', 'B-NAME_STUDENT', 'I-NAME_STUDENT']","
    Barbara Lee is a programmer with 4 years of experience. Write a detailed example in first person of a job-related project he/her did in the past. Add the following information about him/her randomly inside the text: name is Barbara Lee, phone number is 032-5567-4656, email is barbara.lee8489@yahoo.com, hobby is Handball, address is 128 East Oak Street.
    ",1,Barbara Lee,barbara.lee@yahoo.com,032-5567-4656,programmer,128 East Oak Street,,,Handball,329
1f4caa5f-2c20-404e-ab12-a4b56bccd210,Michael's insurance provider is BlueCross and he was admitted to St. Luke's Hospital for asthma.,"['Federico', 'Smith,', 'a', 'seasoned', 'businessman', 'with', 'a', 'proven', 'track', 'record', 'of', 'success,', 'recently', 'completed', 'a', 'significant', 'job-related', 'project', 'that', 'showcases', 'his', 'strategic', 'thinking,', 'leadership', 'skills,', 'and', 'ability', 'to', 'drive', 'positive', 'outcomes.', ""Here's"", 'an', 'account', 'of', 'his', 'noteworthy', 'project:', 'Project', 'Title:', 'Regional', 'Market', 'Expansion', 'Objective:', 'To', 'expand', 'the', ""company's"", 'footprint', 'into', 'a', 'new', 'regional', 'market,', 'capturing', 'untapped', 'opportunities', 'and', 'increasing', 'revenue', 'streams.', 'Role:', 'As', 'the', 'Regional', 'Sales', 'Manager,', 'Federico', 'took', 'the', 'lead', 'in', 'spearheading', 'this', 'project.', 'He', 'was', 'responsible', 'for', 'developing', 'and', 'executing', 'a', 'comprehensive', 'expansion', 'strategy.', 'Approach:', 'Market', 'Research:', 'Federico', 'conducted', 'thorough', 'market', 'research', 'to', 'gain', 'insights', 'into', 'the', 'new', ""region's"", 'demographics,', 'consumer', 'behavior,', 'and', 'competitive', 'landscape.', 'Business', 'Case', 'Development:', 'He', 'meticulously', 'analyzed', 'the', 'potential', 'market', 'size,', 'growth', 'prospects,', 'and', 'profitability', 'to', 'create', 'a', 'compelling', 'business', 'case', 'for', 'expansion.', 'Stakeholder', 'Engagement:', 'Federico', 'engaged', 'with', 'key', 'stakeholders,', 'including', 'senior', 'management,', 'sales', 'team', 'members,', 'and', 'potential', 'partners,', 'to', 'secure', 'their', 'buy-in', 'and', 'support', 'for', 'the', 'project.', 'Implementation:', 'Market', 'Entry', 'Strategy:', 'Federico', 'devised', 'a', 'strategic', 'plan', 'for', 'market', 'entry,', 'considering', 'various', 'factors', 'such', 'as', 'pricing,', 'distribution', 'channels,', 'and', 'customer', 'targeting.', 'Sales', 'Team', 'Expansion:', 'He', 'recruited', 'and', 'trained', 'a', 'team', 'of', 'highly', 'motivated', 'sales', 'professionals', 'with', 'expertise', 'in', 'the', 'new', ""region's"", 'market', 'dynamics.', 'Marketing', 'and', 'Branding:', 'Federico', 'oversaw', 'the', 'development', 'of', 'targeted', 'marketing', 'campaigns', 'to', 'raise', 'awareness', 'of', 'the', ""company's"", 'brand', 'and', 'products', 'in', 'the', 'new', 'region.', 'Results:', 'Revenue', 'Growth:', 'Within', 'a', 'year', 'of', 'implementing', 'the', 'expansion', 'strategy,', 'the', 'company', 'experienced', 'a', 'significant', 'increase', 'in', 'revenue', 'from', 'the', 'new', 'region,', 'exceeding', 'initial', 'projections.', 'Market', 'Share:', ""Federico's"", 'strategic', 'approach', 'led', 'to', 'a', 'substantial', 'gain', 'in', 'market', 'share,', 'positioning', 'the', 'company', 'as', 'a', 'dominant', 'player', 'in', 'the', 'new', 'region.', 'Customer', 'Satisfaction:', 'The', 'project', 'resulted', 'in', 'increased', 'customer', 'satisfaction,', 'as', 'the', ""company's"", 'products', 'and', 'services', 'resonated', 'well', 'with', 'the', 'local', ""market's"", 'needs', 'and', 'preferences.', 'In', 'summary,', 'Federico', ""Smith's"", 'successful', 'completion', 'of', 'the', 'regional', 'market', 'expansion', 'project', 'demonstrates', 'his', 'ability', 'to', 'identify', 'opportunities,', 'develop', 'data-driven', 'strategies,', 'and', 'drive', 'positive', 'business', 'outcomes.', 'His', 'leadership', 'and', 'strategic', 'mindset', 'were', 'instrumental', 'in', 'the', ""project's"", 'remarkable', 'achievements.', 'Contact', 'Information:', 'Phone', 'Number:', '(765)', '561-3320', 'Email:', 'federico.smith@gmail.com']","[True, True, True, True, True, True, True, True, True, True, True, True, True, True, True, True, True, True, True, True, True, True, True, True, True, True, True, True, True, True, True, True, True, True, True, True, True, True, True, True, True, True, True, True, True, True, True, True, True, True, True, True, True, True, True, True, True, True, True, True, True, True, True, True, True, True, True, True, True, True, True, True, True, True, True, True, True, True, True, True, True, True, True, True, True, True, True, True, True, True, True, True, True, True, True, True, True, True, True, True, True, True, True, True, True, True, True, True, True, True, True, True, True, True, True, True, True, True, True, True, True, True, True, True, True, True, True, True, True, True, True, True, True, True, True, True, True, True, True, True, True, True, True, True, True, True, True, True, True, True, True, True, True, True, True, True, True, True, True, True, True, True, True, True, True, True, True, True, True, True, True, True, True, True, True, True, True, True, True, True, True, True, True, True, True, True, True, True, True, True, True, True, True, True, True, True, True, True, True, True, True, True, True, True, True, True, True, True, True, True, True, True, True, True, True, True, True, True, True, True, True, True, True, True, True, True, True, True, True, True, True, True, True, True, True, True, True, True, True, True, True, True, True, True, True, True, True, True, True, True, True, True, True, True, True, True, True, True, True, True, True, True, True, True, True, True, True, True, True, True, True, True, True, True, True, True, True, True, True, True, True, True, True, True, True, True, True, True, True, True, True, True, True, True, True, True, True, True, True, True, True, True, True, True, True, True, True, True, True, True, True, True, True, True, True, True, True, True, True, True, True, True, True, True, True, True, True, True, True, True, True, True, True, True, True, True, True, True, True, True, True, True, False]","['B-NAME_STUDENT', 'I-NAME_STUDENT', 'O', 'O', 'O', 'O', 'O', 'O', 'O', 'O', 'O', 'O', 'O', 'O', 'O', 'O', 'O', 'O', 'O', 'O', 'O', 'O', 'O', 'O', 'O', 'O', 'O', 'O', 'O', 'O', 'O', 'O', 'O', 'O', 'O', 'O', 'O', 'O', 'O', 'O', 'O', 'O', 'O', 'O', 'O', 'O', 'O', 'O', 'O', 'O', 'O', 'O', 'O', 'O', 'O', 'O', 'O', 'O', 'O', 'O', 'O', 'O', 'O', 'O', 'O', 'O', 'O', 'B-NAME_STUDENT', 'O', 'O', 'O', 'O', 'O', 'O', 'O', 'O', 'O', 'O', 'O', 'O', 'O', 'O', 'O', 'O', 'O', 'O', 'O', 'O', 'O', 'B-NAME_STUDENT', 'O', 'O', 'O', 'O', 'O', 'O', 'O', 'O', 'O', 'O', 'O', 'O', 'O', 'O', 'O', 'O', 'O', 'O', 'O', 'O', 'O', 'O', 'O', 'O', 'O', 'O', 'O', 'O', 'O', 'O', 'O', 'O', 'O', 'O', 'O', 'O', 'O', 'O', 'O', 'O', 'O', 'B-NAME_STUDENT', 'O', 'O', 'O', 'O', 'O', 'O', 'O', 'O', 'O', 'O', 'O', 'O', 'O', 'O', 'O', 'O', 'O', 'O', 'O', 'O', 'O', 'O', 'O', 'O', 'O', 'O', 'B-NAME_STUDENT', 'O', 'O', 'O', 'O', 'O', 'O', 'O', 'O', 'O', 'O', 'O', 'O', 'O', 'O', 'O', 'O', 'O', 'O', 'O', 'O', 'O', 'O', 'O', 'O', 'O', 'O', 'O', 'O', 'O', 'O', 'O', 'O', 'O', 'O', 'O', 'O', 'O', 'O', 'O', 'O', 'O', 'O', 'O', 'B-NAME_STUDENT', 'O', 'O', 'O', 'O', 'O', 'O', 'O', 'O', 'O', 'O', 'O', 'O', 'O', 'O', 'O', 'O', 'O', 'O', 'O', 'O', 'O', 'O', 'O', 'O', 'O', 'O', 'O', 'O', 'O', 'O', 'O', 'O', 'O', 'O', 'O', 'O', 'O', 'O', 'O', 'O', 'O', 'O', 'O', 'O', 'O', 'O', 'O', 'O', 'B-NAME_STUDENT', 'O', 'O', 'O', 'O', 'O', 'O', 'O', 'O', 'O', 'O', 'O', 'O', 'O', 'O', 'O', 'O', 'O', 'O', 'O', 'O', 'O', 'O', 'O', 'O', 'O', 'O', 'O', 'O', 'O', 'O', 'O', 'O', 'O', 'O', 'O', 'O', 'O', 'O', 'O', 'O', 'O', 'O', 'O', 'O', 'O', 'O', 'O', 'B-NAME_STUDENT', 'I-NAME_STUDENT', 'O', 'O', 'O', 'O', 'O', 'O', 'O', 'O', 'O', 'O', 'O', 'O', 'O', 'O', 'O', 'O', 'O', 'O', 'O', 'O', 'O', 'O', 'O', 'O', 'O', 'O', 'O', 'O', 'O', 'O', 'O', 'O', 'O', 'O', 'O', 'O', 'O', 'O', 'B-PHONE_NUM', 'I-PHONE_NUM', 'O', 'B-EMAIL']","
    Federico Smith is a businessman. Write about a job-related project he/her did in the past including some of the following information: phone number is (765) 561-3320, email is federico.smith8489@gmail.com
    ",2,Federico Smith,federico.smith@gmail.com,(765) 561-3320,businessman,7809 Highway 2302,,,Paintball,343
3fc788d5-7daf-4d2b-944f-910ba3c31914,Priya suffers from migraines and her BMI is 24. She is 165 cm tall and weighs 58 kg.,"['As', 'a', 'mechanical', 'engineer,', 'I,', 'Alexander', 'Meyer,', 'am', 'often', 'faced', 'with', 'challenging', 'problems', 'that', 'require', 'creative', 'and', 'innovative', 'solutions.', 'I', 'am', 'proficient', 'in', 'using', 'various', 'engineering', 'software', 'and', 'tools', 'to', 'analyze', 'and', 'design', 'systems.', 'One', 'memorable', 'project', 'that', 'I', 'successfully', 'tackled', 'was', 'optimizing', 'the', 'cooling', 'system', 'of', 'a', 'large', 'industrial', 'machine.', 'The', 'machine', 'was', 'prone', 'to', 'overheating,', 'which', 'led', 'to', 'frequent', 'breakdowns', 'and', 'costly', 'repairs.', 'The', 'first', 'step', 'I', 'took', 'was', 'to', 'thoroughly', 'understand', 'the', 'existing', 'cooling', 'system,', 'its', 'components,', 'and', 'their', 'interactions.', 'I', 'collected', 'data', 'on', 'the', ""machine's"", 'operating', 'conditions,', 'such', 'as', 'temperature,', 'pressure,', 'and', 'flow', 'rates.', 'This', 'data', 'helped', 'me', 'identify', 'the', 'bottlenecks', 'and', 'inefficiencies', 'in', 'the', 'cooling', 'system.', 'Next,', 'I', 'explored', 'various', 'design', 'alternatives', 'to', 'improve', 'the', ""system's"", 'performance.', 'I', 'considered', 'different', 'types', 'of', 'heat', 'exchangers,', 'fans,', 'and', 'pumps,', 'as', 'well', 'as', 'modifications', 'to', 'the', ""machine's"", 'layout', 'to', 'enhance', 'airflow.', 'I', 'ran', 'simulations', 'using', 'engineering', 'software', 'to', 'evaluate', 'the', 'potential', 'benefits', 'and', 'drawbacks', 'of', 'each', 'option.', 'After', 'careful', 'analysis', 'and', 'optimization,', 'I', 'arrived', 'at', 'a', 'solution', 'that', 'involved', 'replacing', 'the', 'existing', 'heat', 'exchanger', 'with', 'a', 'more', 'efficient', 'model', 'and', 'installing', 'additional', 'fans', 'to', 'increase', 'airflow.', 'These', 'modifications', 'resulted', 'in', 'a', 'significant', 'reduction', 'in', 'the', ""machine's"", 'operating', 'temperature,', 'eliminating', 'the', 'overheating', 'issue', 'and', 'improving', 'its', 'overall', 'reliability.', 'The', 'successful', 'completion', 'of', 'this', 'project', 'not', 'only', 'prevented', 'further', 'breakdowns', 'and', 'saved', 'the', 'company', 'money', 'in', 'repair', 'costs,', 'but', 'it', 'also', 'enhanced', 'the', ""machine's"", 'productivity', 'and', 'efficiency.', 'It', 'gave', 'me', 'a', 'great', 'sense', 'of', 'accomplishment', 'and', 'satisfaction', 'to', 'know', 'that', 'my', 'engineering', 'expertise', 'had', 'a', 'positive', 'impact', 'on', 'the', ""company's"", 'operations.', 'If', 'you', 'have', 'any', 'questions', 'or', 'need', 'further', 'assistance', 'with', 'mechanical', 'engineering', 'challenges,', 'feel', 'free', 'to', 'reach', 'me', 'at', 'alexander.meyer@hotmail.net', 'or', 'visit', 'my', 'office', 'at', '3098', 'Thompson', 'Oval.', 'I', 'am', 'always', 'eager', 'to', 'share', 'my', 'knowledge', 'and', 'expertise', 'to', 'help', 'solve', 'complex', 'engineering', 'problems.']","[True, True, True, True, True, True, True, True, True, True, True, True, True, True, True, True, True, True, True, True, True, True, True, True, True, True, True, True, True, True, True, True, True, True, True, True, True, True, True, True, True, True, True, True, True, True, True, True, True, True, True, True, True, True, True, True, True, True, True, True, True, True, True, True, True, True, True, True, True, True, True, True, True, True, True, True, True, True, True, True, True, True, True, True, True, True, True, True, True, True, True, True, True, True, True, True, True, True, True, True, True, True, True, True, True, True, True, True, True, True, True, True, True, True, True, True, True, True, True, True, True, True, True, True, True, True, True, True, True, True, True, True, True, True, True, True, True, True, True, True, True, True, True, True, True, True, True, True, True, True, True, True, True, True, True, True, True, True, True, True, True, True, True, True, True, True, True, True, True, True, True, True, True, True, True, True, True, True, True, True, True, True, True, True, True, True, True, True, True, True, True, True, True, True, True, True, True, True, True, True, True, True, True, True, True, True, True, True, True, True, True, True, True, True, True, True, True, True, True, True, True, True, True, True, True, True, True, True, True, True, True, True, True, True, True, True, True, True, True, True, True, True, True, True, True, True, True, True, True, True, True, True, True, True, True, True, True, True, True, True, True, True, True, True, True, True, True, True, True, True, True, True, True, True, True, True, True, True, True, True, True, True, True, True, True, True, True, True, True, True, True, True, True, True, True, True, True, True, True, True, True, True, True, True, False]","['O', 'O', 'O', 'O', 'O', 'B-NAME_STUDENT', 'I-NAME_STUDENT', 'O', 'O', 'O', 'O', 'O', 'O', 'O', 'O', 'O', 'O', 'O', 'O', 'O', 'O', 'O', 'O', 'O', 'O', 'O', 'O', 'O', 'O', 'O', 'O', 'O', 'O', 'O', 'O', 'O', 'O', 'O', 'O', 'O', 'O', 'O', 'O', 'O', 'O', 'O', 'O', 'O', 'O', 'O', 'O', 'O', 'O', 'O', 'O', 'O', 'O', 'O', 'O', 'O', 'O', 'O', 'O', 'O', 'O', 'O', 'O', 'O', 'O', 'O', 'O', 'O', 'O', 'O', 'O', 'O', 'O', 'O', 'O', 'O', 'O', 'O', 'O', 'O', 'O', 'O', 'O', 'O', 'O', 'O', 'O', 'O', 'O', 'O', 'O', 'O', 'O', 'O', 'O', 'O', 'O', 'O', 'O', 'O', 'O', 'O', 'O', 'O', 'O', 'O', 'O', 'O', 'O', 'O', 'O', 'O', 'O', 'O', 'O', 'O', 'O', 'O', 'O', 'O', 'O', 'O', 'O', 'O', 'O', 'O', 'O', 'O', 'O', 'O', 'O', 'O', 'O', 'O', 'O', 'O', 'O', 'O', 'O', 'O', 'O', 'O', 'O', 'O', 'O', 'O', 'O', 'O', 'O', 'O', 'O', 'O', 'O', 'O', 'O', 'O', 'O', 'O', 'O', 'O', 'O', 'O', 'O', 'O', 'O', 'O', 'O', 'O', 'O', 'O', 'O', 'O', 'O', 'O', 'O', 'O', 'O', 'O', 'O', 'O', 'O', 'O', 'O', 'O', 'O', 'O', 'O', 'O', 'O', 'O', 'O', 'O', 'O', 'O', 'O', 'O', 'O', 'O', 'O', 'O', 'O', 'O', 'O', 'O', 'O', 'O', 'O', 'O', 'O', 'O', 'O', 'O', 'O', 'O', 'O', 'O', 'O', 'O', 'O', 'O', 'O', 'O', 'O', 'O', 'O', 'O', 'O', 'O', 'O', 'O', 'O', 'O', 'O', 'O', 'O', 'O', 'O', 'O', 'O', 'O', 'O', 'O', 'O', 'O', 'O', 'O', 'O', 'O', 'O', 'O', 'O', 'O', 'O', 'O', 'O', 'O', 'O', 'O', 'O', 'O', 'O', 'O', 'O', 'O', 'O', 'O', 'O', 'O', 'O', 'O', 'O', 'O', 'O', 'O', 'O', 'O', 'B-EMAIL', 'O', 'O', 'O', 'O', 'O', 'B-STREET_ADDRESS', 'I-STREET_ADDRESS', 'I-STREET_ADDRESS', 'O', 'O', 'O', 'O', 'O', 'O', 'O', 'O', 'O', 'O', 'O', 'O', 'O', 'O', 'O', 'O']","
    Alexander Meyer is a mechanical engineer. Write a first person summary of something he solved in his job. Add the following information about him/her (randomly please) inside the text: name is Alexander Meyer, email is alexander.meyer@hotmail.net, address is 3098 Thompson Oval.
    ",3,Alexander Meyer,alexander.meyer@hotmail.net,0253 2285725,mechanical engineer,3098 Thompson Oval,a.meyer,https://mail.alexander_meyer.biz,Trivia,305
7f3c3491-6b37-492f-b343-57474e2a71f5,Carlos was diagnosed with Type 2 Diabetes. His last visit to Dr. Patel was in June.,"['Anastasia', 'Suzuki,', 'a', 'dedicated', 'pharmacist', 'with', 'a', 'passion', 'for', 'patient', 'care,', 'embarked', 'on', 'a', 'significant', 'job-related', 'project', 'in', 'the', 'past', 'that', 'left', 'a', 'lasting', 'impact', 'on', 'her', 'community.', 'Her', 'project', 'focused', 'on', 'promoting', 'medication', 'adherence', 'and', 'improving', 'patient', 'outcomes.', 'Anastasia', 'recognized', 'that', 'many', 'patients', 'struggled', 'to', 'adhere', 'to', 'their', 'medication', 'regimens,', 'leading', 'to', 'suboptimal', 'health', 'outcomes.', 'Determined', 'to', 'address', 'this', 'issue,', 'she', 'spearheaded', 'an', 'innovative', 'initiative', 'to', 'enhance', 'patient', 'engagement', 'and', 'education.', 'Collaborating', 'with', 'a', 'team', 'of', 'healthcare', 'professionals,', 'Anastasia', 'developed', 'a', 'comprehensive', 'medication', 'adherence', 'program', 'that', 'incorporated', 'various', 'strategies', 'to', 'support', 'patients.', 'One', 'key', 'aspect', 'of', 'the', 'program', 'was', 'the', 'implementation', 'of', 'a', 'personalized', 'medication', 'management', 'system.', 'Each', 'patient', 'received', 'a', 'tailored', 'medication', 'schedule,', 'complete', 'with', 'reminders', 'and', 'dosage', 'instructions,', 'designed', 'to', 'simplify', 'adherence.', 'To', 'ensure', 'effective', 'communication', 'with', 'patients,', 'Anastasia', 'established', 'a', 'dedicated', 'support', 'line,', '+91-33097', '98747.', 'Patients', 'could', 'call', 'this', 'number', 'to', 'clarify', 'any', 'medication-related', 'queries,', 'address', 'concerns,', 'or', 'schedule', 'follow-up', 'appointments.', 'Anastasia', 'and', 'her', 'team', 'were', 'committed', 'to', 'providing', 'timely', 'and', 'accurate', 'information', 'to', 'empower', 'patients', 'in', 'managing', 'their', 'health.', 'Additionally,', 'Anastasia', 'recognized', 'the', 'importance', 'of', 'patient', 'education', 'in', 'promoting', 'medication', 'adherence.', 'She', 'organized', 'educational', 'sessions', 'and', 'workshops', 'to', 'inform', 'patients', 'about', 'their', 'medications,', 'their', 'benefits,', 'and', 'potential', 'side', 'effects.', 'Through', 'interactive', 'discussions', 'and', 'hands-on', 'activities,', 'patients', 'gained', 'a', 'deeper', 'understanding', 'of', 'their', 'treatment', 'plans,', 'fostering', 'a', 'sense', 'of', 'ownership', 'and', 'responsibility.', ""Anastasia's"", 'project', 'yielded', 'remarkable', 'results.', 'Medication', 'adherence', 'rates', 'among', 'her', 'patients', 'saw', 'a', 'significant', 'improvement,', 'leading', 'to', 'better', 'health', 'outcomes', 'and', 'reduced', 'hospitalizations.', 'The', 'initiative', 'also', 'contributed', 'to', 'cost', 'savings', 'for', 'the', 'healthcare', 'system', 'by', 'minimizing', 'unnecessary', 'emergency', 'visits', 'and', 'hospital', 'stays.', ""Anastasia's"", 'dedication,', 'coupled', 'with', 'her', 'innovative', 'approach', 'to', 'medication', 'adherence,', 'made', 'a', 'positive', 'difference', 'in', 'the', 'lives', 'of', 'her', 'patients.', 'Her', 'project', 'serves', 'as', 'an', 'exemplary', 'model', 'for', 'pharmacists', 'seeking', 'to', 'enhance', 'patient', 'care', 'and', 'promote', 'medication', 'adherence', 'in', 'their', 'communities.']","[True, True, True, True, True, True, True, True, True, True, True, True, True, True, True, True, True, True, True, True, True, True, True, True, True, True, True, True, True, True, True, True, True, True, True, True, True, True, True, True, True, True, True, True, True, True, True, True, True, True, True, True, True, True, True, True, True, True, True, True, True, True, True, True, True, True, True, True, True, True, True, True, True, True, True, True, True, True, True, True, True, True, True, True, True, True, True, True, True, True, True, True, True, True, True, True, True, True, True, True, True, True, True, True, True, True, True, True, True, True, True, True, True, True, True, True, True, True, True, True, True, True, True, True, True, True, True, True, True, True, True, True, True, True, True, True, True, True, True, True, True, True, True, True, True, True, True, True, True, True, True, True, True, True, True, True, True, True, True, True, True, True, True, True, True, True, True, True, True, True, True, True, True, True, True, True, True, True, True, True, True, True, True, True, True, True, True, True, True, True, True, True, True, True, True, True, True, True, True, True, True, True, True, True, True, True, True, True, True, True, True, True, True, True, True, True, True, True, True, True, True, True, True, True, True, True, True, True, True, True, True, True, True, True, True, True, True, True, True, True, True, True, True, True, True, True, True, True, True, True, True, True, True, True, True, True, True, True, True, True, True, True, True, True, True, True, True, True, True, True, True, True, True, True, True, True, True, True, True, True, True, True, True, True, True, True, True, True, True, True, True, True, True, True, True, True, True, True, True, True, True, True, True, True, True, True, True, True, False]","['B-NAME_STUDENT', 'I-NAME_STUDENT', 'O', 'O', 'O', 'O', 'O', 'O', 'O', 'O', 'O', 'O', 'O', 'O', 'O', 'O', 'O', 'O', 'O', 'O', 'O', 'O', 'O', 'O', 'O', 'O', 'O', 'O', 'O', 'O', 'O', 'O', 'O', 'O', 'O', 'O', 'O', 'O', 'O', 'B-NAME_STUDENT', 'O', 'O', 'O', 'O', 'O', 'O', 'O', 'O', 'O', 'O', 'O', 'O', 'O', 'O', 'O', 'O', 'O', 'O', 'O', 'O', 'O', 'O', 'O', 'O', 'O', 'O', 'O', 'O', 'O', 'O', 'O', 'O', 'O', 'O', 'O', 'O', 'O', 'O', 'O', 'B-NAME_STUDENT', 'O', 'O', 'O', 'O', 'O', 'O', 'O', 'O', 'O', 'O', 'O', 'O', 'O', 'O', 'O', 'O', 'O', 'O', 'O', 'O', 'O', 'O', 'O', 'O', 'O', 'O', 'O', 'O', 'O', 'O', 'O', 'O', 'O', 'O', 'O', 'O', 'O', 'O', 'O', 'O', 'O', 'O', 'O', 'O', 'O', 'O', 'O', 'O', 'O', 'O', 'O', 'B-NAME_STUDENT', 'O', 'O', 'O', 'O', 'O', 'B-PHONE_NUM', 'I-PHONE_NUM', 'O', 'O', 'O', 'O', 'O', 'O', 'O', 'O', 'O', 'O', 'O', 'O', 'O', 'O', 'O', 'O', 'B-NAME_STUDENT', 'O', 'O', 'O', 'O', 'O', 'O', 'O', 'O', 'O', 'O', 'O', 'O', 'O', 'O', 'O', 'O', 'O', 'O', 'O', 'B-NAME_STUDENT', 'O', 'O', 'O', 'O', 'O', 'O', 'O', 'O', 'O', 'O', 'O', 'O', 'O', 'O', 'O', 'O', 'O', 'O', 'O', 'O', 'O', 'O', 'O', 'O', 'O', 'O', 'O', 'O', 'O', 'O', 'O', 'O', 'O', 'O', 'O', 'O', 'O', 'O', 'O', 'O', 'O', 'O', 'O', 'O', 'O', 'O', 'O', 'O', 'O', 'O', 'B-NAME_STUDENT', 'O', 'O', 'O', 'O', 'O', 'O', 'O', 'O', 'O', 'O', 'O', 'O', 'O', 'O', 'O', 'O', 'O', 'O', 'O', 'O', 'O', 'O', 'O', 'O', 'O', 'O', 'O', 'O', 'O', 'O', 'O', 'O', 'O', 'O', 'O', 'O', 'O', 'O', 'O', 'O', 'O', 'B-NAME_STUDENT', 'O', 'O', 'O', 'O', 'O', 'O', 'O', 'O', 'O', 'O', 'O', 'O', 'O', 'O', 'O', 'O', 'O', 'O', 'O', 'O', 'O', 'O', 'O', 'O', 'O', 'O', 'O', 'O', 'O', 'O', 'O', 'O', 'O', 'O', 'O', 'O', 'O', 'O', 'O', 'O']","
    Anastasia Suzuki is a pharmacist. Write about a job-related project he/her did in the past including some of the following information: phone number is +91-33097 98747, email is anastasia-suzuki@hotmail.edu
    ",2,Anastasia Suzuki,anastasia-suzuki@hotmail.edu,+91-33097 98747,pharmacist,703 Elizabeth Barcus Way,,,Calligraphy,309
21e404cb-6549-43cf-9390-3c74bb6ef93f,"During my six years as a neurosurgeon, I've had the privilege of working on many challenging and rewarding projects. One that stands out is the successful removal of a large brain tumor from a patient with a rare and aggressive form of cancer. It all started when a 45-year-old woman named Sarah came to my clinic complaining of severe headaches, nausea, and vision problems. An MRI scan revealed a large, inoperable tumor in her right frontal lobe. The prognosis was grim, but I was determined to do everything I could to help her. I spent the next few weeks gathering information about Sarah's tumor and researching different treatment options. I consulted with a team of specialists, including oncologists, radiation therapists, and pathologists. Together, we developed a comprehensive treatment plan that involved surgery, radiation therapy, and chemotherapy. The surgery was complex and delicate. I used a combination of microsurgical techniques and advanced imaging technology to carefully remove the tumor while preserving the surrounding healthy tissue. The procedure took over 12 hours, but it was a success. Sarah made a remarkable recovery after surgery. She underwent radiation therapy and chemotherapy, and her cancer went into remission. She is now living a full and active life, and I am grateful to have played a role in her recovery. This experience taught me the importance of collaboration, perseverance, and hope. It also reinforced my belief that even the most challenging cases can be overcome with the right team and the right approach. For more information about my work, please visit my website at https://www.yrodriguez.org/subscribe or connect with me on LinkedIn at y.rodriguez. You can also reach me at my office address: 0699 Braun Mall.","['During', 'my', 'six', 'years', 'as', 'a', 'neurosurgeon,', ""I've"", 'had', 'the', 'privilege', 'of', 'working', 'on', 'many', 'challenging', 'and', 'rewarding', 'projects.', 'One', 'that', 'stands', 'out', 'is', 'the', 'successful', 'removal', 'of', 'a', 'large', 'brain', 'tumor', 'from', 'a', 'patient', 'with', 'a', 'rare', 'and', 'aggressive', 'form', 'of', 'cancer.', 'It', 'all', 'started', 'when', 'a', '45-year-old', 'woman', 'named', 'Sarah', 'came', 'to', 'my', 'clinic', 'complaining', 'of', 'severe', 'headaches,', 'nausea,', 'and', 'vision', 'problems.', 'An', 'MRI', 'scan', 'revealed', 'a', 'large,', 'inoperable', 'tumor', 'in', 'her', 'right', 'frontal', 'lobe.', 'The', 'prognosis', 'was', 'grim,', 'but', 'I', 'was', 'determined', 'to', 'do', 'everything', 'I', 'could', 'to', 'help', 'her.', 'I', 'spent', 'the', 'next', 'few', 'weeks', 'gathering', 'information', 'about', ""Sarah's"", 'tumor', 'and', 'researching', 'different', 'treatment', 'options.', 'I', 'consulted', 'with', 'a', 'team', 'of', 'specialists,', 'including', 'oncologists,', 'radiation', 'therapists,', 'and', 'pathologists.', 'Together,', 'we', 'developed', 'a', 'comprehensive', 'treatment', 'plan', 'that', 'involved', 'surgery,', 'radiation', 'therapy,', 'and', 'chemotherapy.', 'The', 'surgery', 'was', 'complex', 'and', 'delicate.', 'I', 'used', 'a', 'combination', 'of', 'microsurgical', 'techniques', 'and', 'advanced', 'imaging', 'technology', 'to', 'carefully', 'remove', 'the', 'tumor', 'while', 'preserving', 'the', 'surrounding', 'healthy', 'tissue.', 'The', 'procedure', 'took', 'over', '12', 'hours,', 'but', 'it', 'was', 'a', 'success.', 'Sarah', 'made', 'a', 'remarkable', 'recovery', 'after', 'surgery.', 'She', 'underwent', 'radiation', 'therapy', 'and', 'chemotherapy,', 'and', 'her', 'cancer', 'went', 'into', 'remission.', 'She', 'is', 'now', 'living', 'a', 'full', 'and', 'active', 'life,', 'and', 'I', 'am', 'grateful', 'to', 'have', 'played', 'a', 'role', 'in', 'her', 'recovery.', 'This', 'experience', 'taught', 'me', 'the', 'importance', 'of', 'collaboration,', 'perseverance,', 'and', 'hope.', 'It', 'also', 'reinforced', 'my', 'belief', 'that', 'even', 'the', 'most', 'challenging', 'cases', 'can', 'be', 'overcome', 'with', 'the', 'right', 'team', 'and', 'the', 'right', 'approach.', 'For', 'more', 'information', 'about', 'my', 'work,', 'please', 'visit', 'my', 'website', 'at', 'https://www.yrodriguez.org/subscribe', 'or', 'connect', 'with', 'me', 'on', 'LinkedIn', 'at', 'y.rodriguez.', 'You', 'can', 'also', 'reach', 'me', 'at', 'my', 'office', 'address:', '0699', 'Braun', 'Mall.']","[True, True, True, True, True, True, True, True, True, True, True, True, True, True, True, True, True, True, True, True, True, True, True, True, True, True, True, True, True, True, True, True, True, True, True, True, True, True, True, True, True, True, True, True, True, True, True, True, True, True, True, True, True, True, True, True, True, True, True, True, True, True, True, True, True, True, True, True, True, True, True, True, True, True, True, True, True, True, True, True, True, True, True, True, True, True, True, True, True, True, True, True, True, True, True, True, True, True, True, True, True, True, True, True, True, True, True, True, True, True, True, True, True, True, True, True, True, True, True, True, True, True, True, True, True, True, True, True, True, True, True, True, True, True, True, True, True, True, True, True, True, True, True, True, True, True, True, True, True, True, True, True, True, True, True, True, True, True, True, True, True, True, True, True, True, True, True, True, True, True, True, True, True, True, True, True, True, True, True, True, True, True, True, True, True, True, True, True, True, True, True, True, True, True, True, True, True, True, True, True, True, True, True, True, True, True, True, True, True, True, True, True, True, True, True, True, True, True, True, True, True, True, True, True, True, True, True, True, True, True, True, True, True, True, True, True, True, True, True, True, True, True, True, True, True, True, True, True, True, True, True, True, True, True, True, True, True, True, True, True, True, True, True, True, True, True, True, True, True, True, True, True, True, True, True, True, True, True, True, False]","['O', 'O', 'O', 'O', 'O', 'O', 'O', 'O', 'O', 'O', 'O', 'O', 'O', 'O', 'O', 'O', 'O', 'O', 'O', 'O', 'O', 'O', 'O', 'O', 'O', 'O', 'O', 'O', 'O', 'O', 'O', 'O', 'O', 'O', 'O', 'O', 'O', 'O', 'O', 'O', 'O', 'O', 'O', 'O', 'O', 'O', 'O', 'O', 'O', 'O', 'O', 'O', 'O', 'O', 'O', 'O', 'O', 'O', 'O', 'O', 'O', 'O', 'O', 'O', 'O', 'O', 'O', 'O', 'O', 'O', 'O', 'O', 'O', 'O', 'O', 'O', 'O', 'O', 'O', 'O', 'O', 'O', 'O', 'O', 'O', 'O', 'O', 'O', 'O', 'O', 'O', 'O', 'O', 'O', 'O', 'O', 'O', 'O', 'O', 'O', 'O', 'O', 'O', 'O', 'O', 'O', 'O', 'O', 'O', 'O', 'O', 'O', 'O', 'O', 'O', 'O', 'O', 'O', 'O', 'O', 'O', 'O', 'O', 'O', 'O', 'O', 'O', 'O', 'O', 'O', 'O', 'O', 'O', 'O', 'O', 'O', 'O', 'O', 'O', 'O', 'O', 'O', 'O', 'O', 'O', 'O', 'O', 'O', 'O', 'O', 'O', 'O', 'O', 'O', 'O', 'O', 'O', 'O', 'O', 'O', 'O', 'O', 'O', 'O', 'O', 'O', 'O', 'O', 'O', 'O', 'O', 'O', 'O', 'O', 'O', 'O', 'O', 'O', 'O', 'O', 'O', 'O', 'O', 'O', 'O', 'O', 'O', 'O', 'O', 'O', 'O', 'O', 'O', 'O', 'O', 'O', 'O', 'O', 'O', 'O', 'O', 'O', 'O', 'O', 'O', 'O', 'O', 'O', 'O', 'O', 'O', 'O', 'O', 'O', 'O', 'O', 'O', 'O', 'O', 'O', 'O', 'O', 'O', 'O', 'O', 'O', 'O', 'O', 'O', 'O', 'O', 'O', 'O', 'O', 'O', 'O', 'O', 'O', 'O', 'O', 'O', 'O', 'O', 'O', 'O', 'O', 'O', 'O', 'O', 'O', 'O', 'O', 'O', 'O', 'O', 'O', 'O', 'O', 'O', 'B-URL_PERSONAL', 'O', 'O', 'O', 'O', 'O', 'O', 'O', 'B-USERNAME', 'O', 'O', 'O', 'O', 'O', 'O', 'O', 'O', 'O', 'B-STREET_ADDRESS', 'I-STREET_ADDRESS', 'I-STREET_ADDRESS']","
    Yoko Rodriguez is a neurosurgeon with 6 years of experience. Write a detailed example in first person of a job-related project he/her did in the past. Add the following information about him/her randomly inside the text: name is Yoko Rodriguez, webpage is https://www.yrodriguez.org/subscribe, profile at LinkedIn is y.rodriguez, address is 0699 Braun Mall.
    ",5,Yoko Rodriguez,yoko.rodriguez168@outlook.net,0673 194 9267,neurosurgeon,0699 Braun Mall,y.rodriguez,https://www.yrodriguez.org/subscribe,Animal grooming,280
e0851cd4-3b72-46d0-a56e-6f6c068423d3,"My name is Yasuko Mercier, and I've been a gardener for four years. In my previous role at GreenAcres Landscaping, I had the opportunity to work on a project that involved transforming a neglected backyard into a vibrant and inviting space. The project began with a consultation with the homeowners, during which I listened to their vision for the space and assessed the existing conditions. I then developed a detailed plan that included everything from hardscaping to planting. The first step was to remove the overgrown weeds and debris that had accumulated in the yard. I then installed a new patio and walkway using natural stone. To add interest and texture, I incorporated a variety of plants, including colorful perennials, shrubs, and trees. I also installed a water feature to provide a soothing ambiance. The finishing touch was a layer of mulch, which helped to retain moisture and suppress weeds. Throughout the project, I kept the homeowners informed of my progress and made adjustments as needed. The end result was a backyard that the homeowners loved and that they could enjoy for years to come. If you're looking for a gardener who is passionate about creating beautiful outdoor spaces, I encourage you to contact me at (959) 582-5077 or yasuko.mercier1516@hotmail.net. I'd be happy to discuss your project and provide you with a free estimate. When I'm not gardening, I enjoy repairing electronics as a hobby. I also love spending time with my family and friends. My address is 4423 Lilac Avenue.","['My', 'name', 'is', 'Yasuko', 'Mercier,', 'and', ""I've"", 'been', 'a', 'gardener', 'for', 'four', 'years.', 'In', 'my', 'previous', 'role', 'at', 'GreenAcres', 'Landscaping,', 'I', 'had', 'the', 'opportunity', 'to', 'work', 'on', 'a', 'project', 'that', 'involved', 'transforming', 'a', 'neglected', 'backyard', 'into', 'a', 'vibrant', 'and', 'inviting', 'space.', 'The', 'project', 'began', 'with', 'a', 'consultation', 'with', 'the', 'homeowners,', 'during', 'which', 'I', 'listened', 'to', 'their', 'vision', 'for', 'the', 'space', 'and', 'assessed', 'the', 'existing', 'conditions.', 'I', 'then', 'developed', 'a', 'detailed', 'plan', 'that', 'included', 'everything', 'from', 'hardscaping', 'to', 'planting.', 'The', 'first', 'step', 'was', 'to', 'remove', 'the', 'overgrown', 'weeds', 'and', 'debris', 'that', 'had', 'accumulated', 'in', 'the', 'yard.', 'I', 'then', 'installed', 'a', 'new', 'patio', 'and', 'walkway', 'using', 'natural', 'stone.', 'To', 'add', 'interest', 'and', 'texture,', 'I', 'incorporated', 'a', 'variety', 'of', 'plants,', 'including', 'colorful', 'perennials,', 'shrubs,', 'and', 'trees.', 'I', 'also', 'installed', 'a', 'water', 'feature', 'to', 'provide', 'a', 'soothing', 'ambiance.', 'The', 'finishing', 'touch', 'was', 'a', 'layer', 'of', 'mulch,', 'which', 'helped', 'to', 'retain', 'moisture', 'and', 'suppress', 'weeds.', 'Throughout', 'the', 'project,', 'I', 'kept', 'the', 'homeowners', 'informed', 'of', 'my', 'progress', 'and', 'made', 'adjustments', 'as', 'needed.', 'The', 'end', 'result', 'was', 'a', 'backyard', 'that', 'the', 'homeowners', 'loved', 'and', 'that', 'they', 'could', 'enjoy', 'for', 'years', 'to', 'come.', 'If', ""you're"", 'looking', 'for', 'a', 'gardener', 'who', 'is', 'passionate', 'about', 'creating', 'beautiful', 'outdoor', 'spaces,', 'I', 'encourage', 'you', 'to', 'contact', 'me', 'at', '(959)', '582-5077', 'or', 'yasuko.mercier1516@hotmail.net.', ""I'd"", 'be', 'happy', 'to', 'discuss', 'your', 'project', 'and', 'provide', 'you', 'with', 'a', 'free', 'estimate.', 'When', ""I'm"", 'not', 'gardening,', 'I', 'enjoy', 'repairing', 'electronics', 'as', 'a', 'hobby.', 'I', 'also', 'love', 'spending', 'time', 'with', 'my', 'family', 'and', 'friends.', 'My', 'address', 'is', '4423', 'Lilac', 'Avenue.']","[True, True, True, True, True, True, True, True, True, True, True, True, True, True, True, True, True, True, True, True, True, True, True, True, True, True, True, True, True, True, True, True, True, True, True, True, True, True, True, True, True, True, True, True, True, True, True, True, True, True, True, True, True, True, True, True, True, True, True, True, True, True, True, True, True, True, True, True, True, True, True, True, True, True, True, True, True, True, True, True, True, True, True, True, True, True, True, True, True, True, True, True, True, True, True, True, True, True, True, True, True, True, True, True, True, True, True, True, True, True, True, True, True, True, True, True, True, True, True, True, True, True, True, True, True, True, True, True, True, True, True, True, True, True, True, True, True, True, True, True, True, True, True, True, True, True, True, True, True, True, True, True, True, True, True, True, True, True, True, True, True, True, True, True, True, True, True, True, True, True, True, True, True, True, True, True, True, True, True, True, True, True, True, True, True, True, True, True, True, True, True, True, True, True, True, True, True, True, True, True, True, True, True, True, True, True, True, True, True, True, True, True, True, True, True, True, True, True, True, True, True, True, True, True, True, True, True, True, True, True, True, True, True, True, True, True, True, True, True, True, True, True, True, True, True, True, True, True, True, True, False]","['O', 'O', 'O', 'B-NAME_STUDENT', 'I-NAME_STUDENT', 'O', 'O', 'O', 'O', 'O', 'O', 'O', 'O', 'O', 'O', 'O', 'O', 'O', 'O', 'O', 'O', 'O', 'O', 'O', 'O', 'O', 'O', 'O', 'O', 'O', 'O', 'O', 'O', 'O', 'O', 'O', 'O', 'O', 'O', 'O', 'O', 'O', 'O', 'O', 'O', 'O', 'O', 'O', 'O', 'O', 'O', 'O', 'O', 'O', 'O', 'O', 'O', 'O', 'O', 'O', 'O', 'O', 'O', 'O', 'O', 'O', 'O', 'O', 'O', 'O', 'O', 'O', 'O', 'O', 'O', 'O', 'O', 'O', 'O', 'O', 'O', 'O', 'O', 'O', 'O', 'O', 'O', 'O', 'O', 'O', 'O', 'O', 'O', 'O', 'O', 'O', 'O', 'O', 'O', 'O', 'O', 'O', 'O', 'O', 'O', 'O', 'O', 'O', 'O', 'O', 'O', 'O', 'O', 'O', 'O', 'O', 'O', 'O', 'O', 'O', 'O', 'O', 'O', 'O', 'O', 'O', 'O', 'O', 'O', 'O', 'O', 'O', 'O', 'O', 'O', 'O', 'O', 'O', 'O', 'O', 'O', 'O', 'O', 'O', 'O', 'O', 'O', 'O', 'O', 'O', 'O', 'O', 'O', 'O', 'O', 'O', 'O', 'O', 'O', 'O', 'O', 'O', 'O', 'O', 'O', 'O', 'O', 'O', 'O', 'O', 'O', 'O', 'O', 'O', 'O', 'O', 'O', 'O', 'O', 'O', 'O', 'O', 'O', 'O', 'O', 'O', 'O', 'O', 'O', 'O', 'O', 'O', 'O', 'O', 'O', 'O', 'O', 'O', 'O', 'O', 'O', 'O', 'O', 'O', 'O', 'O', 'B-PHONE_NUM', 'I-PHONE_NUM', 'O', 'B-EMAIL', 'O', 'O', 'O', 'O', 'O', 'O', 'O', 'O', 'O', 'O', 'O', 'O', 'O', 'O', 'O', 'O', 'O', 'O', 'O', 'O', 'O', 'O', 'O', 'O', 'O', 'O', 'O', 'O', 'O', 'O', 'O', 'O', 'O', 'O', 'O', 'O', 'O', 'O', 'B-STREET_ADDRESS', 'I-STREET_ADDRESS', 'I-STREET_ADDRESS']","
    Yasuko Mercier is a gardener with 4 years of experience. Write a detailed example in first person of a job-related project he/her did in the past. Add the following information about him/her randomly inside the text: name is Yasuko Mercier, phone number is (959) 582-5077, email is yasuko.mercier1516@hotmail.net, hobby is Electronics repair, address is 4423 Lilac Avenue.
    ",1,Yasuko Mercier,yasuko.mercier1516@hotmail.net,(959) 582-5077,gardener,4423 Lilac Avenue,,,Electronics repair,251
8ba7bd30-c3f9-40f6-92ba-51e42b1a1b21,"In my role as an attorney with over 14 years of experience, I had the opportunity to work on a particularly challenging case that involved a complex business dispute. The case involved a multi-million dollar contract between two large corporations, and the stakes were incredibly high. As lead counsel for one of the parties, it was my responsibility to develop a comprehensive legal strategy that would protect my client's interests and help them achieve a favorable outcome. I spent countless hours reviewing voluminous documentation, interviewing witnesses, and conducting extensive legal research. I also worked closely with a team of experts, including accountants, economists, and industry specialists, to ensure that we had a deep understanding of the facts of the case and the legal issues involved. Throughout the course of the litigation, I displayed unwavering dedication and attention to detail. I meticulously prepared for every hearing and deposition, and I was always well-versed in the relevant law and precedent. My ability to think critically and strategically allowed me to anticipate the opposing party's arguments and develop effective counterarguments. As the trial date approached, the pressure intensified. I worked tirelessly to finalize our case and prepare my witnesses for their testimony. During the trial itself, I delivered a compelling opening statement that set the tone for the proceedings. I skillfully cross-examined the opposing party's witnesses, exposing weaknesses in their testimony and highlighting the strengths of our case. After several weeks of trial, the jury finally reached a verdict in our favor. My client was awarded a substantial damages award, and the case was a resounding success. This victory was a testament to the hard work, dedication, and expertise of our entire legal team. If you are seeking an experienced and highly skilled attorney to represent you in a complex business dispute, I invite you to connect with me through my Indeed profile, @mrousseau. You can also learn more about my qualifications and experience on my webpage, http://mobile.manchurousseau.biz. My office is located at 0839 Ward Estates Suite 685, and I welcome the opportunity to discuss your legal needs in further detail.","['In', 'my', 'role', 'as', 'an', 'attorney', 'with', 'over', '14', 'years', 'of', 'experience,', 'I', 'had', 'the', 'opportunity', 'to', 'work', 'on', 'a', 'particularly', 'challenging', 'case', 'that', 'involved', 'a', 'complex', 'business', 'dispute.', 'The', 'case', 'involved', 'a', 'multi-million', 'dollar', 'contract', 'between', 'two', 'large', 'corporations,', 'and', 'the', 'stakes', 'were', 'incredibly', 'high.', 'As', 'lead', 'counsel', 'for', 'one', 'of', 'the', 'parties,', 'it', 'was', 'my', 'responsibility', 'to', 'develop', 'a', 'comprehensive', 'legal', 'strategy', 'that', 'would', 'protect', 'my', ""client's"", 'interests', 'and', 'help', 'them', 'achieve', 'a', 'favorable', 'outcome.', 'I', 'spent', 'countless', 'hours', 'reviewing', 'voluminous', 'documentation,', 'interviewing', 'witnesses,', 'and', 'conducting', 'extensive', 'legal', 'research.', 'I', 'also', 'worked', 'closely', 'with', 'a', 'team', 'of', 'experts,', 'including', 'accountants,', 'economists,', 'and', 'industry', 'specialists,', 'to', 'ensure', 'that', 'we', 'had', 'a', 'deep', 'understanding', 'of', 'the', 'facts', 'of', 'the', 'case', 'and', 'the', 'legal', 'issues', 'involved.', 'Throughout', 'the', 'course', 'of', 'the', 'litigation,', 'I', 'displayed', 'unwavering', 'dedication', 'and', 'attention', 'to', 'detail.', 'I', 'meticulously', 'prepared', 'for', 'every', 'hearing', 'and', 'deposition,', 'and', 'I', 'was', 'always', 'well-versed', 'in', 'the', 'relevant', 'law', 'and', 'precedent.', 'My', 'ability', 'to', 'think', 'critically', 'and', 'strategically', 'allowed', 'me', 'to', 'anticipate', 'the', 'opposing', ""party's"", 'arguments', 'and', 'develop', 'effective', 'counterarguments.', 'As', 'the', 'trial', 'date', 'approached,', 'the', 'pressure', 'intensified.', 'I', 'worked', 'tirelessly', 'to', 'finalize', 'our', 'case', 'and', 'prepare', 'my', 'witnesses', 'for', 'their', 'testimony.', 'During', 'the', 'trial', 'itself,', 'I', 'delivered', 'a', 'compelling', 'opening', 'statement', 'that', 'set', 'the', 'tone', 'for', 'the', 'proceedings.', 'I', 'skillfully', 'cross-examined', 'the', 'opposing', ""party's"", 'witnesses,', 'exposing', 'weaknesses', 'in', 'their', 'testimony', 'and', 'highlighting', 'the', 'strengths', 'of', 'our', 'case.', 'After', 'several', 'weeks', 'of', 'trial,', 'the', 'jury', 'finally', 'reached', 'a', 'verdict', 'in', 'our', 'favor.', 'My', 'client', 'was', 'awarded', 'a', 'substantial', 'damages', 'award,', 'and', 'the', 'case', 'was', 'a', 'resounding', 'success.', 'This', 'victory', 'was', 'a', 'testament', 'to', 'the', 'hard', 'work,', 'dedication,', 'and', 'expertise', 'of', 'our', 'entire', 'legal', 'team.', 'If', 'you', 'are', 'seeking', 'an', 'experienced', 'and', 'highly', 'skilled', 'attorney', 'to', 'represent', 'you', 'in', 'a', 'complex', 'business', 'dispute,', 'I', 'invite', 'you', 'to', 'connect', 'with', 'me', 'through', 'my', 'Indeed', 'profile,', '@mrousseau.', 'You', 'can', 'also', 'learn', 'more', 'about', 'my', 'qualifications', 'and', 'experience', 'on', 'my', 'webpage,', 'http://mobile.manchurousseau.biz.', 'My', 'office', 'is', 'located', 'at', '0839', 'Ward', 'Estates', 'Suite', '685,', 'and', 'I', 'welcome', 'the', 'opportunity', 'to', 'discuss', 'your', 'legal', 'needs', 'in', 'further', 'detail.']","[True, True, True, True, True, True, True, True, True, True, True, True, True, True, True, True, True, True, True, True, True, True, True, True, True, True, True, True, True, True, True, True, True, True, True, True, True, True, True, True, True, True, True, True, True, True, True, True, True, True, True, True, True, True, True, True, True, True, True, True, True, True, True, True, True, True, True, True, True, True, True, True, True, True, True, True, True, True, True, True, True, True, True, True, True, True, True, True, True, True, True, True, True, True, True, True, True, True, True, True, True, True, True, True, True, True, True, True, True, True, True, True, True, True, True, True, True, True, True, True, True, True, True, True, True, True, True, True, True, True, True, True, True, True, True, True, True, True, True, True, True, True, True, True, True, True, True, True, True, True, True, True, True, True, True, True, True, True, True, True, True, True, True, True, True, True, True, True, True, True, True, True, True, True, True, True, True, True, True, True, True, True, True, True, True, True, True, True, True, True, True, True, True, True, True, True, True, True, True, True, True, True, True, True, True, True, True, True, True, True, True, True, True, True, True, True, True, True, True, True, True, True, True, True, True, True, True, True, True, True, True, True, True, True, True, True, True, True, True, True, True, True, True, True, True, True, True, True, True, True, True, True, True, True, True, True, True, True, True, True, True, True, True, True, True, True, True, True, True, True, True, True, True, True, True, True, True, True, True, True, True, True, True, True, True, True, True, True, True, True, True, True, True, True, True, True, True, True, True, True, True, True, True, True, True, True, True, True, True, True, True, True, True, True, True, True, True, True, True, True, True, True, True, True, True, True, True, True, True, True, True, True, True, True, True, True, True, True, True, True, True, True, True, True, True, True, True, False]","['O', 'O', 'O', 'O', 'O', 'O', 'O', 'O', 'O', 'O', 'O', 'O', 'O', 'O', 'O', 'O', 'O', 'O', 'O', 'O', 'O', 'O', 'O', 'O', 'O', 'O', 'O', 'O', 'O', 'O', 'O', 'O', 'O', 'O', 'O', 'O', 'O', 'O', 'O', 'O', 'O', 'O', 'O', 'O', 'O', 'O', 'O', 'O', 'O', 'O', 'O', 'O', 'O', 'O', 'O', 'O', 'O', 'O', 'O', 'O', 'O', 'O', 'O', 'O', 'O', 'O', 'O', 'O', 'O', 'O', 'O', 'O', 'O', 'O', 'O', 'O', 'O', 'O', 'O', 'O', 'O', 'O', 'O', 'O', 'O', 'O', 'O', 'O', 'O', 'O', 'O', 'O', 'O', 'O', 'O', 'O', 'O', 'O', 'O', 'O', 'O', 'O', 'O', 'O', 'O', 'O', 'O', 'O', 'O', 'O', 'O', 'O', 'O', 'O', 'O', 'O', 'O', 'O', 'O', 'O', 'O', 'O', 'O', 'O', 'O', 'O', 'O', 'O', 'O', 'O', 'O', 'O', 'O', 'O', 'O', 'O', 'O', 'O', 'O', 'O', 'O', 'O', 'O', 'O', 'O', 'O', 'O', 'O', 'O', 'O', 'O', 'O', 'O', 'O', 'O', 'O', 'O', 'O', 'O', 'O', 'O', 'O', 'O', 'O', 'O', 'O', 'O', 'O', 'O', 'O', 'O', 'O', 'O', 'O', 'O', 'O', 'O', 'O', 'O', 'O', 'O', 'O', 'O', 'O', 'O', 'O', 'O', 'O', 'O', 'O', 'O', 'O', 'O', 'O', 'O', 'O', 'O', 'O', 'O', 'O', 'O', 'O', 'O', 'O', 'O', 'O', 'O', 'O', 'O', 'O', 'O', 'O', 'O', 'O', 'O', 'O', 'O', 'O', 'O', 'O', 'O', 'O', 'O', 'O', 'O', 'O', 'O', 'O', 'O', 'O', 'O', 'O', 'O', 'O', 'O', 'O', 'O', 'O', 'O', 'O', 'O', 'O', 'O', 'O', 'O', 'O', 'O', 'O', 'O', 'O', 'O', 'O', 'O', 'O', 'O', 'O', 'O', 'O', 'O', 'O', 'O', 'O', 'O', 'O', 'O', 'O', 'O', 'O', 'O', 'O', 'O', 'O', 'O', 'O', 'O', 'O', 'O', 'O', 'O', 'O', 'O', 'O', 'O', 'O', 'O', 'O', 'O', 'O', 'O', 'O', 'O', 'O', 'O', 'O', 'O', 'O', 'O', 'O', 'O', 'O', 'O', 'O', 'O', 'O', 'O', 'O', 'O', 'O', 'O', 'O', 'B-USERNAME', 'O', 'O', 'O', 'O', 'O', 'O', 'O', 'O', 'O', 'O', 'O', 'O', 'O', 'B-URL_PERSONAL', 'O', 'O', 'O', 'O', 'O', 'B-STREET_ADDRESS', 'I-STREET_ADDRESS', 'I-STREET_ADDRESS', 'I-STREET_ADDRESS', 'I-STREET_ADDRESS', 'O', 'O', 'O', 'O', 'O', 'O', 'O', 'O', 'O', 'O', 'O', 'O', 'O']","
    Manchu Rousseau is a attorney with 14 years of experience. Write a detailed example in first person of a job-related project he/her did in the past. Add the following information about him/her randomly inside the text: name is Manchu Rousseau, webpage is http://mobile.manchurousseau.biz, profile at Indeed is @mrousseau, address is 0839 Ward Estates Suite 685.
    ",5,Manchu Rousseau,manchurousseau3517@hotmail.org,0895 6894908,attorney,0839 Ward Estates Suite 685,@mrousseau,http://mobile.manchurousseau.biz,Backpacking,348
ee506065-4b1a-4118-b96b-fbde5ff26f9e,"As a professional photographer named Zayn Yamada residing at 2835 Jed Road, I've encountered numerous challenges throughout my career. One particular incident stands out as a testament to my problem-solving abilities. During a photoshoot for a renowned fashion magazine, I faced an unexpected obstacle. The lighting conditions were less than ideal, and the images were coming out flat and uninspiring. Time was of the essence, and I knew I had to find a solution quickly. I meticulously analyzed the situation, considering every possible factor that could be affecting the quality of the shots. After careful evaluation, I realized that the harsh sunlight was creating unwanted shadows and obscuring the details of the garments. Without hesitation, I devised a creative solution. I strategically positioned several reflectors around the set to redirect the sunlight, softening the shadows and creating a more even illumination. Additionally, I adjusted the camera settings, experimenting with different shutter speeds and apertures to capture the perfect exposure. The results were transformative. The photographs were now vibrant and dynamic, showcasing the intricate designs of the clothing in their full glory. The client was thrilled with the outcome, and I was proud to have solved a seemingly insurmountable problem with my ingenuity and technical expertise. This experience reinforced my belief that a photographer's true skill lies not only in capturing beautiful images but also in overcoming challenges and adapting to unexpected circumstances. It's moments like these that make me truly appreciate my craft. For further inquiries or collaborations, feel free to reach out to me via email at zayn-yamada@gmail.com.","['As', 'a', 'professional', 'photographer', 'named', 'Zayn', 'Yamada', 'residing', 'at', '2835', 'Jed', 'Road,', ""I've"", 'encountered', 'numerous', 'challenges', 'throughout', 'my', 'career.', 'One', 'particular', 'incident', 'stands', 'out', 'as', 'a', 'testament', 'to', 'my', 'problem-solving', 'abilities.', 'During', 'a', 'photoshoot', 'for', 'a', 'renowned', 'fashion', 'magazine,', 'I', 'faced', 'an', 'unexpected', 'obstacle.', 'The', 'lighting', 'conditions', 'were', 'less', 'than', 'ideal,', 'and', 'the', 'images', 'were', 'coming', 'out', 'flat', 'and', 'uninspiring.', 'Time', 'was', 'of', 'the', 'essence,', 'and', 'I', 'knew', 'I', 'had', 'to', 'find', 'a', 'solution', 'quickly.', 'I', 'meticulously', 'analyzed', 'the', 'situation,', 'considering', 'every', 'possible', 'factor', 'that', 'could', 'be', 'affecting', 'the', 'quality', 'of', 'the', 'shots.', 'After', 'careful', 'evaluation,', 'I', 'realized', 'that', 'the', 'harsh', 'sunlight', 'was', 'creating', 'unwanted', 'shadows', 'and', 'obscuring', 'the', 'details', 'of', 'the', 'garments.', 'Without', 'hesitation,', 'I', 'devised', 'a', 'creative', 'solution.', 'I', 'strategically', 'positioned', 'several', 'reflectors', 'around', 'the', 'set', 'to', 'redirect', 'the', 'sunlight,', 'softening', 'the', 'shadows', 'and', 'creating', 'a', 'more', 'even', 'illumination.', 'Additionally,', 'I', 'adjusted', 'the', 'camera', 'settings,', 'experimenting', 'with', 'different', 'shutter', 'speeds', 'and', 'apertures', 'to', 'capture', 'the', 'perfect', 'exposure.', 'The', 'results', 'were', 'transformative.', 'The', 'photographs', 'were', 'now', 'vibrant', 'and', 'dynamic,', 'showcasing', 'the', 'intricate', 'designs', 'of', 'the', 'clothing', 'in', 'their', 'full', 'glory.', 'The', 'client', 'was', 'thrilled', 'with', 'the', 'outcome,', 'and', 'I', 'was', 'proud', 'to', 'have', 'solved', 'a', 'seemingly', 'insurmountable', 'problem', 'with', 'my', 'ingenuity', 'and', 'technical', 'expertise.', 'This', 'experience', 'reinforced', 'my', 'belief', 'that', 'a', ""photographer's"", 'true', 'skill', 'lies', 'not', 'only', 'in', 'capturing', 'beautiful', 'images', 'but', 'also', 'in', 'overcoming', 'challenges', 'and', 'adapting', 'to', 'unexpected', 'circumstances.', ""It's"", 'moments', 'like', 'these', 'that', 'make', 'me', 'truly', 'appreciate', 'my', 'craft.', 'For', 'further', 'inquiries', 'or', 'collaborations,', 'feel', 'free', 'to', 'reach', 'out', 'to', 'me', 'via', 'email', 'at', 'zayn-yamada@gmail.com.']","[True, True, True, True, True, True, True, True, True, True, True, True, True, True, True, True, True, True, True, True, True, True, True, True, True, True, True, True, True, True, True, True, True, True, True, True, True, True, True, True, True, True, True, True, True, True, True, True, True, True, True, True, True, True, True, True, True, True, True, True, True, True, True, True, True, True, True, True, True, True, True, True, True, True, True, True, True, True, True, True, True, True, True, True, True, True, True, True, True, True, True, True, True, True, True, True, True, True, True, True, True, True, True, True, True, True, True, True, True, True, True, True, True, True, True, True, True, True, True, True, True, True, True, True, True, True, True, True, True, True, True, True, True, True, True, True, True, True, True, True, True, True, True, True, True, True, True, True, True, True, True, True, True, True, True, True, True, True, True, True, True, True, True, True, True, True, True, True, True, True, True, True, True, True, True, True, True, True, True, True, True, True, True, True, True, True, True, True, True, True, True, True, True, True, True, True, True, True, True, True, True, True, True, True, True, True, True, True, True, True, True, True, True, True, True, True, True, True, True, True, True, True, True, True, True, True, True, True, True, True, True, True, True, True, True, True, True, True, True, True, True, True, True, True, True, True, True, True, True, True, True, True, True, True, True, True, True, True, False]","['O', 'O', 'O', 'O', 'O', 'B-NAME_STUDENT', 'I-NAME_STUDENT', 'O', 'O', 'B-STREET_ADDRESS', 'I-STREET_ADDRESS', 'I-STREET_ADDRESS', 'O', 'O', 'O', 'O', 'O', 'O', 'O', 'O', 'O', 'O', 'O', 'O', 'O', 'O', 'O', 'O', 'O', 'O', 'O', 'O', 'O', 'O', 'O', 'O', 'O', 'O', 'O', 'O', 'O', 'O', 'O', 'O', 'O', 'O', 'O', 'O', 'O', 'O', 'O', 'O', 'O', 'O', 'O', 'O', 'O', 'O', 'O', 'O', 'O', 'O', 'O', 'O', 'O', 'O', 'O', 'O', 'O', 'O', 'O', 'O', 'O', 'O', 'O', 'O', 'O', 'O', 'O', 'O', 'O', 'O', 'O', 'O', 'O', 'O', 'O', 'O', 'O', 'O', 'O', 'O', 'O', 'O', 'O', 'O', 'O', 'O', 'O', 'O', 'O', 'O', 'O', 'O', 'O', 'O', 'O', 'O', 'O', 'O', 'O', 'O', 'O', 'O', 'O', 'O', 'O', 'O', 'O', 'O', 'O', 'O', 'O', 'O', 'O', 'O', 'O', 'O', 'O', 'O', 'O', 'O', 'O', 'O', 'O', 'O', 'O', 'O', 'O', 'O', 'O', 'O', 'O', 'O', 'O', 'O', 'O', 'O', 'O', 'O', 'O', 'O', 'O', 'O', 'O', 'O', 'O', 'O', 'O', 'O', 'O', 'O', 'O', 'O', 'O', 'O', 'O', 'O', 'O', 'O', 'O', 'O', 'O', 'O', 'O', 'O', 'O', 'O', 'O', 'O', 'O', 'O', 'O', 'O', 'O', 'O', 'O', 'O', 'O', 'O', 'O', 'O', 'O', 'O', 'O', 'O', 'O', 'O', 'O', 'O', 'O', 'O', 'O', 'O', 'O', 'O', 'O', 'O', 'O', 'O', 'O', 'O', 'O', 'O', 'O', 'O', 'O', 'O', 'O', 'O', 'O', 'O', 'O', 'O', 'O', 'O', 'O', 'O', 'O', 'O', 'O', 'O', 'O', 'O', 'O', 'O', 'O', 'O', 'O', 'O', 'O', 'O', 'O', 'O', 'O', 'O', 'O', 'O', 'O', 'O', 'O', 'O', 'O', 'O', 'O', 'O', 'O', 'O', 'B-EMAIL']","
    Zayn Yamada is a photographer. Write a first person summary of something he solved in his job. Add the following information about him/her randomly inside the text: name is Zayn Yamada, email is zayn-yamada8489@gmail.com, address is 2835 Jed Road.
    ",3,Zayn Yamada,zayn-yamada@gmail.com,+86 13321 6872,photographer,2835 Jed Road,,,Backpacking,259
c295eed0-364f-48da-8494-1a12eacbe6e8,"Zachary Vasilev, the extreme sports professional known for pushing the boundaries of adventure, recently embarked on a thrilling project that showcased his exceptional skills and unwavering dedication to his craft. With a wealth of experience and a relentless pursuit of adrenaline, Zachary set out to conquer a formidable challenge that would leave an indelible mark on his career. The project, aptly named ""The Ultimate Descent,"" involved a daring wingsuit flight over the treacherous peaks of the Swiss Alps. Known for its unforgiving terrain and unpredictable weather conditions, the Alps presented a formidable obstacle that required meticulous planning, expert execution, and unwavering determination. In preparation for the daring feat, Zachary spent countless hours studying the topography of the region, analyzing wind patterns, and consulting with local experts. He meticulously selected his equipment, ensuring that every piece was top-of-the-line and met the highest safety standards. With his gear in place and a comprehensive plan in mind, Zachary embarked on the journey of a lifetime. On the appointed day, Zachary arrived at the designated launch site, his heart pounding with anticipation. After a thorough safety check, he donned his wingsuit, strapped on his helmet, and prepared to take the plunge. As he stood at the edge of the cliff, the wind rushing past him, he took a deep breath and leapt into the abyss. The descent was a breathtaking spectacle of speed, agility, and control. Zachary expertly navigated through narrow gorges, soared over towering peaks, and skimmed the surface of pristine lakes. The stunning scenery below him provided a breathtaking backdrop for his aerial acrobatics. As Zachary approached the predetermined landing zone, he executed a flawless landing, touching down safely on a grassy field. The crowd gathered at the site erupted in cheers and applause, recognizing the magnitude of his achievement. ""The Ultimate Descent"" was not just a project for Zachary; it was a testament to his unwavering commitment to pushing the boundaries of extreme sports. His exceptional skills, unwavering determination, and relentless pursuit of adventure continue to inspire aspiring athletes and thrill-seekers around the world. Contact Information: Phone: +27 82 650 5211 Email: zachary.vasilev5495@hotmail.org Webpage: http://www.zachary_vasilev.net/about.php","['Zachary', 'Vasilev,', 'the', 'extreme', 'sports', 'professional', 'known', 'for', 'pushing', 'the', 'boundaries', 'of', 'adventure,', 'recently', 'embarked', 'on', 'a', 'thrilling', 'project', 'that', 'showcased', 'his', 'exceptional', 'skills', 'and', 'unwavering', 'dedication', 'to', 'his', 'craft.', 'With', 'a', 'wealth', 'of', 'experience', 'and', 'a', 'relentless', 'pursuit', 'of', 'adrenaline,', 'Zachary', 'set', 'out', 'to', 'conquer', 'a', 'formidable', 'challenge', 'that', 'would', 'leave', 'an', 'indelible', 'mark', 'on', 'his', 'career.', 'The', 'project,', 'aptly', 'named', '""The', 'Ultimate', 'Descent,""', 'involved', 'a', 'daring', 'wingsuit', 'flight', 'over', 'the', 'treacherous', 'peaks', 'of', 'the', 'Swiss', 'Alps.', 'Known', 'for', 'its', 'unforgiving', 'terrain', 'and', 'unpredictable', 'weather', 'conditions,', 'the', 'Alps', 'presented', 'a', 'formidable', 'obstacle', 'that', 'required', 'meticulous', 'planning,', 'expert', 'execution,', 'and', 'unwavering', 'determination.', 'In', 'preparation', 'for', 'the', 'daring', 'feat,', 'Zachary', 'spent', 'countless', 'hours', 'studying', 'the', 'topography', 'of', 'the', 'region,', 'analyzing', 'wind', 'patterns,', 'and', 'consulting', 'with', 'local', 'experts.', 'He', 'meticulously', 'selected', 'his', 'equipment,', 'ensuring', 'that', 'every', 'piece', 'was', 'top-of-the-line', 'and', 'met', 'the', 'highest', 'safety', 'standards.', 'With', 'his', 'gear', 'in', 'place', 'and', 'a', 'comprehensive', 'plan', 'in', 'mind,', 'Zachary', 'embarked', 'on', 'the', 'journey', 'of', 'a', 'lifetime.', 'On', 'the', 'appointed', 'day,', 'Zachary', 'arrived', 'at', 'the', 'designated', 'launch', 'site,', 'his', 'heart', 'pounding', 'with', 'anticipation.', 'After', 'a', 'thorough', 'safety', 'check,', 'he', 'donned', 'his', 'wingsuit,', 'strapped', 'on', 'his', 'helmet,', 'and', 'prepared', 'to', 'take', 'the', 'plunge.', 'As', 'he', 'stood', 'at', 'the', 'edge', 'of', 'the', 'cliff,', 'the', 'wind', 'rushing', 'past', 'him,', 'he', 'took', 'a', 'deep', 'breath', 'and', 'leapt', 'into', 'the', 'abyss.', 'The', 'descent', 'was', 'a', 'breathtaking', 'spectacle', 'of', 'speed,', 'agility,', 'and', 'control.', 'Zachary', 'expertly', 'navigated', 'through', 'narrow', 'gorges,', 'soared', 'over', 'towering', 'peaks,', 'and', 'skimmed', 'the', 'surface', 'of', 'pristine', 'lakes.', 'The', 'stunning', 'scenery', 'below', 'him', 'provided', 'a', 'breathtaking', 'backdrop', 'for', 'his', 'aerial', 'acrobatics.', 'As', 'Zachary', 'approached', 'the', 'predetermined', 'landing', 'zone,', 'he', 'executed', 'a', 'flawless', 'landing,', 'touching', 'down', 'safely', 'on', 'a', 'grassy', 'field.', 'The', 'crowd', 'gathered', 'at', 'the', 'site', 'erupted', 'in', 'cheers', 'and', 'applause,', 'recognizing', 'the', 'magnitude', 'of', 'his', 'achievement.', '""The', 'Ultimate', 'Descent""', 'was', 'not', 'just', 'a', 'project', 'for', 'Zachary;', 'it', 'was', 'a', 'testament', 'to', 'his', 'unwavering', 'commitment', 'to', 'pushing', 'the', 'boundaries', 'of', 'extreme', 'sports.', 'His', 'exceptional', 'skills,', 'unwavering', 'determination,', 'and', 'relentless', 'pursuit', 'of', 'adventure', 'continue', 'to', 'inspire', 'aspiring', 'athletes', 'and', 'thrill-seekers', 'around', 'the', 'world.', 'Contact', 'Information:', 'Phone:', '+27', '82', '650', '5211', 'Email:', 'zachary.vasilev5495@hotmail.org', 'Webpage:', 'http://www.zachary_vasilev.net/about.php']","[True, True, True, True, True, True, True, True, True, True, True, True, True, True, True, True, True, True, True, True, True, True, True, True, True, True, True, True, True, True, True, True, True, True, True, True, True, True, True, True, True, True, True, True, True, True, True, True, True, True, True, True, True, True, True, True, True, True, True, True, True, True, True, True, True, True, True, True, True, True, True, True, True, True, True, True, True, True, True, True, True, True, True, True, True, True, True, True, True, True, True, True, True, True, True, True, True, True, True, True, True, True, True, True, True, True, True, True, True, True, True, True, True, True, True, True, True, True, True, True, True, True, True, True, True, True, True, True, True, True, True, True, True, True, True, True, True, True, True, True, True, True, True, True, True, True, True, True, True, True, True, True, True, True, True, True, True, True, True, True, True, True, True, True, True, True, True, True, True, True, True, True, True, True, True, True, True, True, True, True, True, True, True, True, True, True, True, True, True, True, True, True, True, True, True, True, True, True, True, True, True, True, True, True, True, True, True, True, True, True, True, True, True, True, True, True, True, True, True, True, True, True, True, True, True, True, True, True, True, True, True, True, True, True, True, True, True, True, True, True, True, True, True, True, True, True, True, True, True, True, True, True, True, True, True, True, True, True, True, True, True, True, True, True, True, True, True, True, True, True, True, True, True, True, True, True, True, True, True, True, True, True, True, True, True, True, True, True, True, True, True, True, True, True, True, True, True, True, True, True, True, True, True, True, True, True, True, True, True, True, True, True, True, True, True, True, True, True, True, True, True, True, True, True, True, True, True, True, True, True, True, True, True, True, True, True, True, True, True, True, True, True, True, True, True, True, True, True, True, True, True, True, True, False]","['B-NAME_STUDENT', 'I-NAME_STUDENT', 'O', 'O', 'O', 'O', 'O', 'O', 'O', 'O', 'O', 'O', 'O', 'O', 'O', 'O', 'O', 'O', 'O', 'O', 'O', 'O', 'O', 'O', 'O', 'O', 'O', 'O', 'O', 'O', 'O', 'O', 'O', 'O', 'O', 'O', 'O', 'O', 'O', 'O', 'O', 'B-NAME_STUDENT', 'O', 'O', 'O', 'O', 'O', 'O', 'O', 'O', 'O', 'O', 'O', 'O', 'O', 'O', 'O', 'O', 'O', 'O', 'O', 'O', 'O', 'O', 'O', 'O', 'O', 'O', 'O', 'O', 'O', 'O', 'O', 'O', 'O', 'O', 'O', 'O', 'O', 'O', 'O', 'O', 'O', 'O', 'O', 'O', 'O', 'O', 'O', 'O', 'O', 'O', 'O', 'O', 'O', 'O', 'O', 'O', 'O', 'O', 'O', 'O', 'O', 'O', 'O', 'O', 'O', 'O', 'B-NAME_STUDENT', 'O', 'O', 'O', 'O', 'O', 'O', 'O', 'O', 'O', 'O', 'O', 'O', 'O', 'O', 'O', 'O', 'O', 'O', 'O', 'O', 'O', 'O', 'O', 'O', 'O', 'O', 'O', 'O', 'O', 'O', 'O', 'O', 'O', 'O', 'O', 'O', 'O', 'O', 'O', 'O', 'O', 'O', 'O', 'O', 'O', 'B-NAME_STUDENT', 'O', 'O', 'O', 'O', 'O', 'O', 'O', 'O', 'O', 'O', 'O', 'B-NAME_STUDENT', 'O', 'O', 'O', 'O', 'O', 'O', 'O', 'O', 'O', 'O', 'O', 'O', 'O', 'O', 'O', 'O', 'O', 'O', 'O', 'O', 'O', 'O', 'O', 'O', 'O', 'O', 'O', 'O', 'O', 'O', 'O', 'O', 'O', 'O', 'O', 'O', 'O', 'O', 'O', 'O', 'O', 'O', 'O', 'O', 'O', 'O', 'O', 'O', 'O', 'O', 'O', 'O', 'O', 'O', 'O', 'O', 'O', 'O', 'O', 'O', 'O', 'O', 'O', 'O', 'O', 'B-NAME_STUDENT', 'O', 'O', 'O', 'O', 'O', 'O', 'O', 'O', 'O', 'O', 'O', 'O', 'O', 'O', 'O', 'O', 'O', 'O', 'O', 'O', 'O', 'O', 'O', 'O', 'O', 'O', 'O', 'O', 'O', 'O', 'B-NAME_STUDENT', 'O', 'O', 'O', 'O', 'O', 'O', 'O', 'O', 'O', 'O', 'O', 'O', 'O', 'O', 'O', 'O', 'O', 'O', 'O', 'O', 'O', 'O', 'O', 'O', 'O', 'O', 'O', 'O', 'O', 'O', 'O', 'O', 'O', 'O', 'O', 'O', 'O', 'O', 'O', 'O', 'O', 'O', 'O', 'B-NAME_STUDENT', 'O', 'O', 'O', 'O', 'O', 'O', 'O', 'O', 'O', 'O', 'O', 'O', 'O', 'O', 'O', 'O', 'O', 'O', 'O', 'O', 'O', 'O', 'O', 'O', 'O', 'O', 'O', 'O', 'O', 'O', 'O', 'O', 'O', 'O', 'O', 'O', 'O', 'O', 'B-PHONE_NUM', 'I-PHONE_NUM', 'I-PHONE_NUM', 'I-PHONE_NUM', 'O', 'B-EMAIL', 'O', 'B-URL_PERSONAL']","
    Zachary Vasilev is a extreme sport professional. Write about a job-related project he/her did in the past including some of the following information: phone number is +27 82 650 5211, email is zachary.vasilev5495@hotmail.org, webpage is http://www.zachary_vasilev.net/about.php
    ",2,Zachary Vasilev,zachary.vasilev5495@hotmail.org,+27 82 650 5211,extreme sport professional,01549 Nathan Key Apt. 329,zacharyvasilev,http://www.zachary_vasilev.net/about.php,Weaving,354
